<Anims>
 <anim name="air_spin_loop" root="air_spin_loop" numframes="400" framerate="40">
  <frame idx="0" w="80" h="79" x="0.108109" y="0.486279">
   <element name="air_spin_loop" layername="air_spin_loop" frame="0" z_index="1" m_a="1.000000" m_b="0.000000" m_c="0.000000" m_d="1.000000" m_tx="4.000000" m_ty="0.000000"/>
  </frame>
  <frame idx="25" w="92" h="121" x="11.104855" y="-16.370865">
   <element name="air_spin_loop" layername="air_spin_loop" frame="0" z_index="1" m_a="0.920764" m_b="-0.390119" m_c="0.390119" m_d="0.920764" m_tx="4.000000" m_ty="0.000000"/>
  </frame>
  <frame idx="50" w="96" h="152" x="14.653973" y="-36.182365">
   <element name="air_spin_loop" layername="air_spin_loop" frame="0" z_index="1" m_a="0.695614" m_b="-0.718415" m_c="0.718415" m_d="0.695614" m_tx="4.000000" m_ty="0.000000"/>
  </frame>
  <frame idx="75" w="91" h="164" x="10.193031" y="-55.808674">
   <element name="air_spin_loop" layername="air_spin_loop" frame="0" z_index="1" m_a="0.360229" m_b="-0.932864" m_c="0.932864" m_d="0.360229" m_tx="4.000000" m_ty="0.000000"/>
  </frame>
  <frame idx="100" w="83" h="162" x="-1.571037" y="-72.139572">
   <element name="air_spin_loop" layername="air_spin_loop" frame="0" z_index="1" m_a="-0.032241" m_b="-0.999480" m_c="0.999480" m_d="-0.032241" m_tx="4.000000" m_ty="0.000000"/>
  </frame>
  <frame idx="125" w="125" h="196" x="-18.150005" y="-82.357941">
   <element name="air_spin_loop" layername="air_spin_loop" frame="0" z_index="1" m_a="-0.407633" m_b="-0.913146" m_c="0.913146" m_d="-0.407633" m_tx="4.000000" m_ty="0.000000"/>
  </frame>
  <frame idx="150" w="153" h="206" x="-37.361359" y="-85.551735">
   <element name="air_spin_loop" layername="air_spin_loop" frame="0" z_index="1" m_a="-0.722543" m_b="-0.691326" m_c="0.691326" m_d="-0.722543" m_tx="4.000000" m_ty="0.000000"/>
  </frame>
  <frame idx="175" w="165" h="192" x="-56.354706" y="-81.247078">
   <element name="air_spin_loop" layername="air_spin_loop" frame="0" z_index="1" m_a="-0.930248" m_b="-0.366932" m_c="0.366932" m_d="-0.930248" m_tx="4.000000" m_ty="0.000000"/>
  </frame>
  <frame idx="200" w="161" h="157" x="-72.311920" y="-70.082664">
   <element name="air_spin_loop" layername="air_spin_loop" frame="0" z_index="1" m_a="-0.999929" m_b="0.011904" m_c="-0.011904" m_d="-0.999929" m_tx="4.000000" m_ty="0.000000"/>
  </frame>
  <frame idx="225" w="196" h="163" x="-82.932404" y="-53.545868">
   <element name="air_spin_loop" layername="air_spin_loop" frame="0" z_index="1" m_a="-0.919843" m_b="0.392286" m_c="-0.392286" m_d="-0.919843" m_tx="4.000000" m_ty="0.000000"/>
  </frame>
  <frame idx="250" w="207" h="150" x="-86.444855" y="-34.208809">
   <element name="air_spin_loop" layername="air_spin_loop" frame="0" z_index="1" m_a="-0.700766" m_b="0.713392" m_c="-0.713392" m_d="-0.700766" m_tx="4.000000" m_ty="0.000000"/>
  </frame>
  <frame idx="275" w="194" h="120" x="-82.318550" y="-14.993340">
   <element name="air_spin_loop" layername="air_spin_loop" frame="0" z_index="1" m_a="-0.375799" m_b="0.926701" m_c="-0.926701" m_d="-0.375799" m_tx="4.000000" m_ty="0.000000"/>
  </frame>
  <frame idx="300" w="158" h="80" x="-71.176979" y="1.196949">
   <element name="air_spin_loop" layername="air_spin_loop" frame="0" z_index="1" m_a="0.005952" m_b="0.999982" m_c="-0.999982" m_d="0.005952" m_tx="4.000000" m_ty="0.000000"/>
  </frame>
  <frame idx="325" w="164" h="91" x="-54.703690" y="11.915653">
   <element name="air_spin_loop" layername="air_spin_loop" frame="0" z_index="1" m_a="0.386804" m_b="0.922162" m_c="-0.922162" m_d="0.386804" m_tx="4.000000" m_ty="0.000000"/>
  </frame>
  <frame idx="350" w="151" h="95" x="-35.387863" y="15.543133">
   <element name="air_spin_loop" layername="air_spin_loop" frame="0" z_index="1" m_a="0.709208" m_b="0.704999" m_c="-0.704999" m_d="0.709208" m_tx="4.000000" m_ty="0.000000"/>
  </frame>
  <frame idx="375" w="121" h="91" x="-16.148201" y="11.531277">
   <element name="air_spin_loop" layername="air_spin_loop" frame="0" z_index="1" m_a="0.924448" m_b="0.381308" m_c="-0.381308" m_d="0.924448" m_tx="4.000000" m_ty="0.000000"/>
  </frame>
 </anim>
</Anims>
