<Anims>
 <anim name="BUILD" root="qigong_hand_anim" numframes="1000" framerate="40">
  <frame idx="0" w="300" h="303" x="24.082321" y="22.025078">
   <element name="qigong_hand_anim" layername="qigong_hand_anim" frame="0" z_index="1" m_a="1.218415" m_b="0.000000" m_c="0.000000" m_d="1.218415" m_tx="3.000000" m_ty="-6.000000"/>
  </frame>
  <frame idx="25" w="297" h="301" x="22.049408" y="19.992165">
   <element name="qigong_hand_anim" layername="qigong_hand_anim" frame="0" z_index="1" m_a="1.201683" m_b="0.000000" m_c="0.000000" m_d="1.201683" m_tx="3.000000" m_ty="-6.000000"/>
  </frame>
  <frame idx="50" w="295" h="297" x="20.016510" y="17.959267">
   <element name="qigong_hand_anim" layername="qigong_hand_anim" frame="0" z_index="1" m_a="1.184952" m_b="0.000000" m_c="0.000000" m_d="1.184952" m_tx="3.000000" m_ty="-6.000000"/>
  </frame>
  <frame idx="75" w="293" h="295" x="17.983597" y="15.926353">
   <element name="qigong_hand_anim" layername="qigong_hand_anim" frame="0" z_index="1" m_a="1.168220" m_b="0.000000" m_c="0.000000" m_d="1.168220" m_tx="3.000000" m_ty="-6.000000"/>
  </frame>
  <frame idx="100" w="291" h="293" x="15.950699" y="13.893456">
   <element name="qigong_hand_anim" layername="qigong_hand_anim" frame="0" z_index="1" m_a="1.151488" m_b="0.000000" m_c="0.000000" m_d="1.151488" m_tx="3.000000" m_ty="-6.000000"/>
  </frame>
  <frame idx="125" w="289" h="291" x="13.917786" y="11.860542">
   <element name="qigong_hand_anim" layername="qigong_hand_anim" frame="0" z_index="1" m_a="1.134756" m_b="0.000000" m_c="0.000000" m_d="1.134756" m_tx="3.000000" m_ty="-6.000000"/>
  </frame>
  <frame idx="150" w="286" h="289" x="11.884857" y="9.827614">
   <element name="qigong_hand_anim" layername="qigong_hand_anim" frame="0" z_index="1" m_a="1.118024" m_b="0.000000" m_c="0.000000" m_d="1.118024" m_tx="3.000000" m_ty="-6.000000"/>
  </frame>
  <frame idx="175" w="284" h="286" x="9.851959" y="7.794716">
   <element name="qigong_hand_anim" layername="qigong_hand_anim" frame="0" z_index="1" m_a="1.101293" m_b="0.000000" m_c="0.000000" m_d="1.101293" m_tx="3.000000" m_ty="-6.000000"/>
  </frame>
  <frame idx="200" w="282" h="284" x="7.819046" y="5.761803">
   <element name="qigong_hand_anim" layername="qigong_hand_anim" frame="0" z_index="1" m_a="1.084561" m_b="0.000000" m_c="0.000000" m_d="1.084561" m_tx="3.000000" m_ty="-6.000000"/>
  </frame>
  <frame idx="225" w="280" h="282" x="5.786148" y="3.728905">
   <element name="qigong_hand_anim" layername="qigong_hand_anim" frame="0" z_index="1" m_a="1.067829" m_b="0.000000" m_c="0.000000" m_d="1.067829" m_tx="3.000000" m_ty="-6.000000"/>
  </frame>
  <frame idx="250" w="278" h="280" x="3.753242" y="1.696007">
   <element name="qigong_hand_anim" layername="qigong_hand_anim" frame="0" z_index="1" m_a="1.051098" m_b="0.000000" m_c="0.000000" m_d="1.051098" m_tx="3.000000" m_ty="-6.000000"/>
  </frame>
  <frame idx="275" w="275" h="278" x="1.720329" y="-0.336914">
   <element name="qigong_hand_anim" layername="qigong_hand_anim" frame="0" z_index="1" m_a="1.034366" m_b="0.000000" m_c="0.000000" m_d="1.034366" m_tx="3.000000" m_ty="-6.000000"/>
  </frame>
  <frame idx="300" w="273" h="275" x="-0.312576" y="-2.369820">
   <element name="qigong_hand_anim" layername="qigong_hand_anim" frame="0" z_index="1" m_a="1.017634" m_b="0.000000" m_c="0.000000" m_d="1.017634" m_tx="3.000000" m_ty="-6.000000"/>
  </frame>
  <frame idx="325" w="271" h="273" x="-2.345482" y="-4.402725">
   <element name="qigong_hand_anim" layername="qigong_hand_anim" frame="0" z_index="1" m_a="1.000902" m_b="0.000000" m_c="0.000000" m_d="1.000902" m_tx="3.000000" m_ty="-6.000000"/>
  </frame>
  <frame idx="350" w="269" h="271" x="-4.378395" y="-6.435638">
   <element name="qigong_hand_anim" layername="qigong_hand_anim" frame="0" z_index="1" m_a="0.984170" m_b="0.000000" m_c="0.000000" m_d="0.984170" m_tx="3.000000" m_ty="-6.000000"/>
  </frame>
  <frame idx="375" w="267" h="269" x="-6.411301" y="-8.468544">
   <element name="qigong_hand_anim" layername="qigong_hand_anim" frame="0" z_index="1" m_a="0.967439" m_b="0.000000" m_c="0.000000" m_d="0.967439" m_tx="3.000000" m_ty="-6.000000"/>
  </frame>
  <frame idx="400" w="264" h="267" x="-8.444214" y="-10.501457">
   <element name="qigong_hand_anim" layername="qigong_hand_anim" frame="0" z_index="1" m_a="0.950707" m_b="0.000000" m_c="0.000000" m_d="0.950707" m_tx="3.000000" m_ty="-6.000000"/>
  </frame>
  <frame idx="425" w="262" h="264" x="-10.477119" y="-12.534363">
   <element name="qigong_hand_anim" layername="qigong_hand_anim" frame="0" z_index="1" m_a="0.933975" m_b="0.000000" m_c="0.000000" m_d="0.933975" m_tx="3.000000" m_ty="-6.000000"/>
  </frame>
  <frame idx="450" w="260" h="262" x="-12.510025" y="-14.567268">
   <element name="qigong_hand_anim" layername="qigong_hand_anim" frame="0" z_index="1" m_a="0.917243" m_b="0.000000" m_c="0.000000" m_d="0.917243" m_tx="3.000000" m_ty="-6.000000"/>
  </frame>
  <frame idx="475" w="258" h="260" x="-14.542931" y="-16.600174">
   <element name="qigong_hand_anim" layername="qigong_hand_anim" frame="0" z_index="1" m_a="0.900512" m_b="0.000000" m_c="0.000000" m_d="0.900512" m_tx="3.000000" m_ty="-6.000000"/>
  </frame>
  <frame idx="500" w="256" h="258" x="-16.575836" y="-18.633080">
   <element name="qigong_hand_anim" layername="qigong_hand_anim" frame="0" z_index="1" m_a="0.883780" m_b="0.000000" m_c="0.000000" m_d="0.883780" m_tx="3.000000" m_ty="-6.000000"/>
  </frame>
  <frame idx="525" w="258" h="260" x="-14.542931" y="-16.600174">
   <element name="qigong_hand_anim" layername="qigong_hand_anim" frame="0" z_index="1" m_a="0.900512" m_b="0.000000" m_c="0.000000" m_d="0.900512" m_tx="3.000000" m_ty="-6.000000"/>
  </frame>
  <frame idx="550" w="260" h="262" x="-12.510025" y="-14.567268">
   <element name="qigong_hand_anim" layername="qigong_hand_anim" frame="0" z_index="1" m_a="0.917243" m_b="0.000000" m_c="0.000000" m_d="0.917243" m_tx="3.000000" m_ty="-6.000000"/>
  </frame>
  <frame idx="575" w="262" h="264" x="-10.477112" y="-12.534355">
   <element name="qigong_hand_anim" layername="qigong_hand_anim" frame="0" z_index="1" m_a="0.933975" m_b="0.000000" m_c="0.000000" m_d="0.933975" m_tx="3.000000" m_ty="-6.000000"/>
  </frame>
  <frame idx="600" w="264" h="267" x="-8.444206" y="-10.501450">
   <element name="qigong_hand_anim" layername="qigong_hand_anim" frame="0" z_index="1" m_a="0.950707" m_b="0.000000" m_c="0.000000" m_d="0.950707" m_tx="3.000000" m_ty="-6.000000"/>
  </frame>
  <frame idx="625" w="267" h="269" x="-6.411301" y="-8.468544">
   <element name="qigong_hand_anim" layername="qigong_hand_anim" frame="0" z_index="1" m_a="0.967439" m_b="0.000000" m_c="0.000000" m_d="0.967439" m_tx="3.000000" m_ty="-6.000000"/>
  </frame>
  <frame idx="650" w="269" h="271" x="-4.378395" y="-6.435638">
   <element name="qigong_hand_anim" layername="qigong_hand_anim" frame="0" z_index="1" m_a="0.984170" m_b="0.000000" m_c="0.000000" m_d="0.984170" m_tx="3.000000" m_ty="-6.000000"/>
  </frame>
  <frame idx="675" w="271" h="273" x="-2.345482" y="-4.402725">
   <element name="qigong_hand_anim" layername="qigong_hand_anim" frame="0" z_index="1" m_a="1.000902" m_b="0.000000" m_c="0.000000" m_d="1.000902" m_tx="3.000000" m_ty="-6.000000"/>
  </frame>
  <frame idx="700" w="273" h="275" x="-0.312576" y="-2.369820">
   <element name="qigong_hand_anim" layername="qigong_hand_anim" frame="0" z_index="1" m_a="1.017634" m_b="0.000000" m_c="0.000000" m_d="1.017634" m_tx="3.000000" m_ty="-6.000000"/>
  </frame>
  <frame idx="725" w="275" h="278" x="1.720329" y="-0.336914">
   <element name="qigong_hand_anim" layername="qigong_hand_anim" frame="0" z_index="1" m_a="1.034366" m_b="0.000000" m_c="0.000000" m_d="1.034366" m_tx="3.000000" m_ty="-6.000000"/>
  </frame>
  <frame idx="750" w="278" h="280" x="3.753242" y="1.696007">
   <element name="qigong_hand_anim" layername="qigong_hand_anim" frame="0" z_index="1" m_a="1.051098" m_b="0.000000" m_c="0.000000" m_d="1.051098" m_tx="3.000000" m_ty="-6.000000"/>
  </frame>
  <frame idx="775" w="280" h="282" x="5.786148" y="3.728905">
   <element name="qigong_hand_anim" layername="qigong_hand_anim" frame="0" z_index="1" m_a="1.067829" m_b="0.000000" m_c="0.000000" m_d="1.067829" m_tx="3.000000" m_ty="-6.000000"/>
  </frame>
  <frame idx="800" w="282" h="284" x="7.819046" y="5.761803">
   <element name="qigong_hand_anim" layername="qigong_hand_anim" frame="0" z_index="1" m_a="1.084561" m_b="0.000000" m_c="0.000000" m_d="1.084561" m_tx="3.000000" m_ty="-6.000000"/>
  </frame>
  <frame idx="825" w="284" h="286" x="9.851959" y="7.794716">
   <element name="qigong_hand_anim" layername="qigong_hand_anim" frame="0" z_index="1" m_a="1.101293" m_b="0.000000" m_c="0.000000" m_d="1.101293" m_tx="3.000000" m_ty="-6.000000"/>
  </frame>
  <frame idx="850" w="286" h="289" x="11.884857" y="9.827614">
   <element name="qigong_hand_anim" layername="qigong_hand_anim" frame="0" z_index="1" m_a="1.118024" m_b="0.000000" m_c="0.000000" m_d="1.118024" m_tx="3.000000" m_ty="-6.000000"/>
  </frame>
  <frame idx="875" w="289" h="291" x="13.917786" y="11.860542">
   <element name="qigong_hand_anim" layername="qigong_hand_anim" frame="0" z_index="1" m_a="1.134756" m_b="0.000000" m_c="0.000000" m_d="1.134756" m_tx="3.000000" m_ty="-6.000000"/>
  </frame>
  <frame idx="900" w="291" h="293" x="15.950699" y="13.893456">
   <element name="qigong_hand_anim" layername="qigong_hand_anim" frame="0" z_index="1" m_a="1.151488" m_b="0.000000" m_c="0.000000" m_d="1.151488" m_tx="3.000000" m_ty="-6.000000"/>
  </frame>
  <frame idx="925" w="293" h="295" x="17.983597" y="15.926353">
   <element name="qigong_hand_anim" layername="qigong_hand_anim" frame="0" z_index="1" m_a="1.168220" m_b="0.000000" m_c="0.000000" m_d="1.168220" m_tx="3.000000" m_ty="-6.000000"/>
  </frame>
  <frame idx="950" w="295" h="297" x="20.016510" y="17.959267">
   <element name="qigong_hand_anim" layername="qigong_hand_anim" frame="0" z_index="1" m_a="1.184952" m_b="0.000000" m_c="0.000000" m_d="1.184952" m_tx="3.000000" m_ty="-6.000000"/>
  </frame>
  <frame idx="975" w="297" h="301" x="22.049408" y="19.992165">
   <element name="qigong_hand_anim" layername="qigong_hand_anim" frame="0" z_index="1" m_a="1.201683" m_b="0.000000" m_c="0.000000" m_d="1.201683" m_tx="3.000000" m_ty="-6.000000"/>
  </frame>
 </anim>
</Anims>
